{
    "predict_accuracy": 0.9018784168268014,
    "predict_f1": 0.7521259577334344,
    "predict_loss": 0.32800784707069397,
    "predict_precision": 0.7236714193130266,
    "predict_recall": 0.7829097283085014,
    "predict_runtime": 2.4647,
    "predict_samples_per_second": 119.691,
    "predict_steps_per_second": 15.012
}